<annotation>
  <folder>resized</folder>
  <filename>6000189.jpg</filename>
  <path>D:\safidy priver\AI\ML kit\My CB data\fiarahamonina\images\resized\6000189.jpg</path>
  <source>
    <database>Unknown</database>
  </source>
  <size>
    <width>800</width>
    <height>600</height>
    <depth>3</depth>
  </size>
  <segmented>0</segmented>
  <object>
    <name>TsisyArotava</name>
    <pose>Unspecified</pose>
    <truncated>0</truncated>
    <difficult>0</difficult>
    <bndbox>
      <xmin>495</xmin>
      <ymin>522</ymin>
      <xmax>554</xmax>
      <ymax>599</ymax>
    </bndbox>
  </object>
  <object>
    <name>ManaoArotava</name>
    <pose>Unspecified</pose>
    <truncated>0</truncated>
    <difficult>0</difficult>
    <bndbox>
      <xmin>423</xmin>
      <ymin>362</ymin>
      <xmax>470</xmax>
      <ymax>411</ymax>
    </bndbox>
  </object>
</annotation>
