<annotation>
  <folder>resized</folder>
  <filename>600012.jpg</filename>
  <path>D:\safidy priver\AI\ML kit\My CB data\fiarahamonina\images\resized\600012.jpg</path>
  <source>
    <database>Unknown</database>
  </source>
  <size>
    <width>800</width>
    <height>600</height>
    <depth>3</depth>
  </size>
  <segmented>0</segmented>
  <object>
    <name>TsisyArotava</name>
    <pose>Unspecified</pose>
    <truncated>0</truncated>
    <difficult>0</difficult>
    <bndbox>
      <xmin>459</xmin>
      <ymin>59</ymin>
      <xmax>508</xmax>
      <ymax>121</ymax>
    </bndbox>
  </object>
</annotation>
