<annotation>
  <folder>resized</folder>
  <filename>6000188.jpg</filename>
  <path>D:\safidy priver\AI\ML kit\My CB data\fiarahamonina\images\resized\6000188.jpg</path>
  <source>
    <database>Unknown</database>
  </source>
  <size>
    <width>800</width>
    <height>600</height>
    <depth>3</depth>
  </size>
  <segmented>0</segmented>
  <object>
    <name>TsisyArotava</name>
    <pose>Unspecified</pose>
    <truncated>0</truncated>
    <difficult>0</difficult>
    <bndbox>
      <xmin>469</xmin>
      <ymin>472</ymin>
      <xmax>529</xmax>
      <ymax>546</ymax>
    </bndbox>
  </object>
  <object>
    <name>ManaoArotava</name>
    <pose>Unspecified</pose>
    <truncated>0</truncated>
    <difficult>0</difficult>
    <bndbox>
      <xmin>420</xmin>
      <ymin>318</ymin>
      <xmax>480</xmax>
      <ymax>386</ymax>
    </bndbox>
  </object>
</annotation>
