<annotation>
  <folder>resized2</folder>
  <filename>700022.jpg</filename>
  <path>D:\safidy priver\AI\ML kit\My CB data\fiarahamonina\images\resized2\700022.jpg</path>
  <source>
    <database>Unknown</database>
  </source>
  <size>
    <width>800</width>
    <height>600</height>
    <depth>3</depth>
  </size>
  <segmented>0</segmented>
  <object>
    <name>ManaoArotava</name>
    <pose>Unspecified</pose>
    <truncated>0</truncated>
    <difficult>0</difficult>
    <bndbox>
      <xmin>504</xmin>
      <ymin>207</ymin>
      <xmax>554</xmax>
      <ymax>269</ymax>
    </bndbox>
  </object>
</annotation>
