<annotation>
  <folder>resized3</folder>
  <filename>800010</filename>
  <path>D:\safidy priver\AI\ML kit\My CB data\fiarahamonina\images\resized3\22.jpg</path>
  <source>
    <database>Unknown</database>
  </source>
  <size>
    <width>800</width>
    <height>600</height>
    <depth>3</depth>
  </size>
  <segmented>0</segmented>
  <object>
    <name>ManaoArotava</name>
    <pose>Unspecified</pose>
    <truncated>0</truncated>
    <difficult>0</difficult>
    <bndbox>
      <xmin>364</xmin>
      <ymin>191</ymin>
      <xmax>406</xmax>
      <ymax>241</ymax>
    </bndbox>
  </object>
</annotation>
