<annotation>
  <folder>resized2</folder>
  <filename>7000102.jpg</filename>
  <path>D:\safidy priver\AI\ML kit\My CB data\fiarahamonina\images\resized2\7000102.jpg</path>
  <source>
    <database>Unknown</database>
  </source>
  <size>
    <width>800</width>
    <height>600</height>
    <depth>3</depth>
  </size>
  <segmented>0</segmented>
  <object>
    <name>TsisyArotava</name>
    <pose>Unspecified</pose>
    <truncated>0</truncated>
    <difficult>0</difficult>
    <bndbox>
      <xmin>546</xmin>
      <ymin>125</ymin>
      <xmax>584</xmax>
      <ymax>189</ymax>
    </bndbox>
  </object>
</annotation>
